<?xml version="1.0" encoding="UTF-8"?>
<!--

  Copyright : 2012 Freescale, Inc. All Rights Reserved.

  This configuration file is a standard interchange file that's format is maintained
  by Freescale, Inc. The configuration file is a derivative work
  of the Processor Expert Software technology licensed for use by customers
  as defined as SOFTWARE in the product's End User License Agreement. This file
  and format are free to use and distribute for read-only purposes. You do not have
  the right to create these files or modify this format or use for any purposes other
  than interchange with the Processor Expert Software technology.

  THIS SOFTWARE IS PROVIDED "AS IS".

  NO WARRANTIES, WHETHER EXPRESS, IMPLIED OR STATUTORY, INCLUDING, BUT NOT
  LIMITED TO, IMPLIED WARRANTIES OF MERCHANTABILITY AND FITNESS FOR A PARTICULAR
  PURPOSE APPLY TO THIS SOFTWARE. IN NO EVENT WILL FREESCALE BE LIABLE, WHETHER
  IN CONTRACT, TORT, OR OTHERWISE, FOR ANY INCIDENTAL, SPECIAL, INDIRECT,
  CONSEQUENTIAL OR PUNITIVE DAMAGES, INCLUDING, BUT NOT LIMITED TO, DAMAGES FOR
  ANY LOSS OF USE, LOSS OF TIME, INCONVENIENCE, COMMERCIAL LOSS, OR LOST PROFITS,
  SAVINGS, OR REVENUES TO THE FULL EXTENT SUCH MAY BE DISCLAIMED BY LAW.

-->
<export xmlns:xsi="http://www.w3.org/2001/XMLSchema-instance" xsi:noNamespaceSchemaLocation="ProjectInfoDescription.xsd">
  <PROCESSOR>
    <DeviceID>MKL25Z128xxx4</DeviceID>
    <CoreNum>1</CoreNum>
    <Cores>
      <Core>
        <CoreSet>Cortex-M0+</CoreSet>
      </Core>
    </Cores>
    <SRAMsize>16k</SRAMsize>
    <FLASHsize>128k</FLASHsize>
  </PROCESSOR>
  <PATHS>
    <LinkerCommandFile>D:\workspace.kds\labo2\Project_Settings\Linker_Files\ProcessorExpert.ld</LinkerCommandFile>
    <IncludePaths>
      <Path>D:\workspace.kds\labo2\SDK\platform\system\inc\</Path>
      <Path>D:\workspace.kds\labo2\SDK\rtos\FreeRTOS\include\</Path>
      <Path>D:\workspace.kds\labo2\SDK\rtos\FreeRTOS\port\gcc\</Path>
      <Path>D:\workspace.kds\labo2\Generated_Code\SDK\rtos\FreeRTOS\config\</Path>
      <Path>D:\workspace.kds\labo2\SDK\platform\osa\inc\</Path>
      <Path>D:\workspace.kds\labo2\SDK\platform\hal\inc\</Path>
      <Path>D:\workspace.kds\labo2\SDK\platform\hal\src\sim\MKL25Z4\</Path>
      <Path>D:\workspace.kds\labo2\SDK\platform\system\src\clock\MKL25Z4\</Path>
      <Path>D:\workspace.kds\labo2\SDK\platform\drivers\inc\</Path>
      <Path>D:\workspace.kds\labo2\SDK\platform\CMSIS\Include\</Path>
      <Path>D:\workspace.kds\labo2\SDK\platform\devices\</Path>
      <Path>D:\workspace.kds\labo2\SDK\platform\devices\MKL25Z4\include\</Path>
      <Path>D:\workspace.kds\labo2\SDK\platform\utilities\src\</Path>
      <Path>D:\workspace.kds\labo2\SDK\platform\utilities\inc\</Path>
      <Path>D:\workspace.kds\labo2\SDK\platform\devices\MKL25Z4\startup\</Path>
      <Path>D:\workspace.kds\labo2\Generated_Code\SDK\platform\devices\MKL25Z4\startup\</Path>
      <Path>D:\workspace.kds\labo2\Sources\</Path>
      <Path>D:\workspace.kds\labo2\Generated_Code\</Path>
    </IncludePaths>
    <SourceCodePaths>
      <Path>D:\workspace.kds\labo2\Generated_Code\</Path>
      <Path>D:\workspace.kds\labo2\SDK\platform\devices\MKL25Z4\startup\</Path>
      <Path>D:\workspace.kds\labo2\SDK\platform\devices\</Path>
      <Path>D:\workspace.kds\labo2\SDK\platform\drivers\src\gpio\</Path>
      <Path>D:\workspace.kds\labo2\SDK\platform\drivers\src\rtc\</Path>
      <Path>D:\workspace.kds\labo2\SDK\platform\hal\src\gpio\</Path>
      <Path>D:\workspace.kds\labo2\SDK\platform\hal\src\lpsci\</Path>
      <Path>D:\workspace.kds\labo2\SDK\platform\hal\src\mcg\</Path>
      <Path>D:\workspace.kds\labo2\SDK\platform\hal\src\osc\</Path>
      <Path>D:\workspace.kds\labo2\SDK\platform\hal\src\port\</Path>
      <Path>D:\workspace.kds\labo2\SDK\platform\hal\src\rtc\</Path>
      <Path>D:\workspace.kds\labo2\SDK\platform\hal\src\sim\MKL25Z4\</Path>
      <Path>D:\workspace.kds\labo2\SDK\platform\hal\src\uart\</Path>
      <Path>D:\workspace.kds\labo2\SDK\platform\osa\src\</Path>
      <Path>D:\workspace.kds\labo2\SDK\platform\system\src\clock\MKL25Z4\</Path>
      <Path>D:\workspace.kds\labo2\SDK\platform\system\src\clock\</Path>
      <Path>D:\workspace.kds\labo2\SDK\platform\system\src\interrupt\</Path>
      <Path>D:\workspace.kds\labo2\SDK\platform\utilities\src\</Path>
      <Path>D:\workspace.kds\labo2\SDK\rtos\FreeRTOS\port\gcc\</Path>
      <Path>D:\workspace.kds\labo2\SDK\rtos\FreeRTOS\src\</Path>
      <Path>D:\workspace.kds\labo2\Sources\</Path>
      <Path>D:\workspace.kds\labo2\Static_Code\System\</Path>
      <Path>D:\workspace.kds\labo2\SDK\platform\devices\MKL25Z4\startup\gcc\</Path>
    </SourceCodePaths>
  </PATHS>
  <FILES>
    <GeneratedCs>
      <PathName>D:\workspace.kds\labo2\Generated_Code\Cpu.c</PathName>
      <PathName>D:\workspace.kds\labo2\Generated_Code\MainTask.c</PathName>
      <PathName>D:\workspace.kds\labo2\Generated_Code\Task1.c</PathName>
      <PathName>D:\workspace.kds\labo2\Generated_Code\Task2.c</PathName>
      <PathName>D:\workspace.kds\labo2\Generated_Code\clockMan1.c</PathName>
      <PathName>D:\workspace.kds\labo2\Generated_Code\free_rtos.c</PathName>
      <PathName>D:\workspace.kds\labo2\Generated_Code\gpio1.c</PathName>
      <PathName>D:\workspace.kds\labo2\Generated_Code\hardware_init.c</PathName>
      <PathName>D:\workspace.kds\labo2\Generated_Code\osa1.c</PathName>
      <PathName>D:\workspace.kds\labo2\Generated_Code\pin_init.c</PathName>
      <PathName>D:\workspace.kds\labo2\SDK\platform\devices\MKL25Z4\startup\system_MKL25Z4.c</PathName>
      <PathName>D:\workspace.kds\labo2\SDK\platform\devices\startup.c</PathName>
      <PathName>D:\workspace.kds\labo2\SDK\platform\drivers\src\gpio\fsl_gpio_common.c</PathName>
      <PathName>D:\workspace.kds\labo2\SDK\platform\drivers\src\gpio\fsl_gpio_driver.c</PathName>
      <PathName>D:\workspace.kds\labo2\SDK\platform\drivers\src\rtc\fsl_rtc_common.c</PathName>
      <PathName>D:\workspace.kds\labo2\SDK\platform\hal\src\gpio\fsl_gpio_hal.c</PathName>
      <PathName>D:\workspace.kds\labo2\SDK\platform\hal\src\lpsci\fsl_lpsci_hal.c</PathName>
      <PathName>D:\workspace.kds\labo2\SDK\platform\hal\src\mcg\fsl_mcg_hal.c</PathName>
      <PathName>D:\workspace.kds\labo2\SDK\platform\hal\src\mcg\fsl_mcg_hal_modes.c</PathName>
      <PathName>D:\workspace.kds\labo2\SDK\platform\hal\src\osc\fsl_osc_hal.c</PathName>
      <PathName>D:\workspace.kds\labo2\SDK\platform\hal\src\port\fsl_port_hal.c</PathName>
      <PathName>D:\workspace.kds\labo2\SDK\platform\hal\src\rtc\fsl_rtc_hal.c</PathName>
      <PathName>D:\workspace.kds\labo2\SDK\platform\hal\src\sim\MKL25Z4\fsl_sim_hal_MKL25Z4.c</PathName>
      <PathName>D:\workspace.kds\labo2\SDK\platform\hal\src\uart\fsl_uart_hal.c</PathName>
      <PathName>D:\workspace.kds\labo2\SDK\platform\osa\src\fsl_os_abstraction_free_rtos.c</PathName>
      <PathName>D:\workspace.kds\labo2\SDK\platform\system\src\clock\MKL25Z4\fsl_clock_MKL25Z4.c</PathName>
      <PathName>D:\workspace.kds\labo2\SDK\platform\system\src\clock\fsl_clock_manager.c</PathName>
      <PathName>D:\workspace.kds\labo2\SDK\platform\system\src\clock\fsl_clock_manager_common.c</PathName>
      <PathName>D:\workspace.kds\labo2\SDK\platform\system\src\interrupt\fsl_interrupt_manager.c</PathName>
      <PathName>D:\workspace.kds\labo2\SDK\platform\utilities\src\fsl_debug_console.c</PathName>
      <PathName>D:\workspace.kds\labo2\SDK\platform\utilities\src\fsl_misc_utilities.c</PathName>
      <PathName>D:\workspace.kds\labo2\SDK\platform\utilities\src\print_scan.c</PathName>
      <PathName>D:\workspace.kds\labo2\SDK\rtos\FreeRTOS\port\gcc\port.c</PathName>
      <PathName>D:\workspace.kds\labo2\SDK\rtos\FreeRTOS\src\croutine.c</PathName>
      <PathName>D:\workspace.kds\labo2\SDK\rtos\FreeRTOS\src\event_groups.c</PathName>
      <PathName>D:\workspace.kds\labo2\SDK\rtos\FreeRTOS\src\heap_1.c</PathName>
      <PathName>D:\workspace.kds\labo2\SDK\rtos\FreeRTOS\src\heap_2.c</PathName>
      <PathName>D:\workspace.kds\labo2\SDK\rtos\FreeRTOS\src\heap_3.c</PathName>
      <PathName>D:\workspace.kds\labo2\SDK\rtos\FreeRTOS\src\heap_4.c</PathName>
      <PathName>D:\workspace.kds\labo2\SDK\rtos\FreeRTOS\src\heap_5.c</PathName>
      <PathName>D:\workspace.kds\labo2\SDK\rtos\FreeRTOS\src\list.c</PathName>
      <PathName>D:\workspace.kds\labo2\SDK\rtos\FreeRTOS\src\queue.c</PathName>
      <PathName>D:\workspace.kds\labo2\SDK\rtos\FreeRTOS\src\tasks.c</PathName>
      <PathName>D:\workspace.kds\labo2\SDK\rtos\FreeRTOS\src\timers.c</PathName>
      <PathName>D:\workspace.kds\labo2\Sources\Events.c</PathName>
      <PathName>D:\workspace.kds\labo2\Sources\ledrgb_hal.c</PathName>
      <PathName>D:\workspace.kds\labo2\Sources\main.c</PathName>
      <PathName>D:\workspace.kds\labo2\Sources\os_tasks.c</PathName>
      <PathName>D:\workspace.kds\labo2\Sources\rtos_main_task.c</PathName>
      <PathName>D:\workspace.kds\labo2\Static_Code\System\PE_low_level_init.c</PathName>
    </GeneratedCs>
    <GeneratedHs>
      <PathName>D:\workspace.kds\labo2\Generated_Code\Cpu.h</PathName>
      <PathName>D:\workspace.kds\labo2\Generated_Code\MainTask.h</PathName>
      <PathName>D:\workspace.kds\labo2\Generated_Code\PE_low_level_init.h</PathName>
      <PathName>D:\workspace.kds\labo2\Generated_Code\SDK\platform\devices\MKL25Z4\startup\system_MKL25Z4.h</PathName>
      <PathName>D:\workspace.kds\labo2\Generated_Code\SDK\rtos\FreeRTOS\config\FreeRTOSConfig.h</PathName>
      <PathName>D:\workspace.kds\labo2\Generated_Code\Task1.h</PathName>
      <PathName>D:\workspace.kds\labo2\Generated_Code\Task2.h</PathName>
      <PathName>D:\workspace.kds\labo2\Generated_Code\board.h</PathName>
      <PathName>D:\workspace.kds\labo2\Generated_Code\clockMan1.h</PathName>
      <PathName>D:\workspace.kds\labo2\Generated_Code\free_rtos.h</PathName>
      <PathName>D:\workspace.kds\labo2\Generated_Code\gpio1.h</PathName>
      <PathName>D:\workspace.kds\labo2\Generated_Code\osa1.h</PathName>
      <PathName>D:\workspace.kds\labo2\Generated_Code\pin_init.h</PathName>
      <PathName>D:\workspace.kds\labo2\SDK\platform\CMSIS\Include\arm_common_tables.h</PathName>
      <PathName>D:\workspace.kds\labo2\SDK\platform\CMSIS\Include\arm_const_structs.h</PathName>
      <PathName>D:\workspace.kds\labo2\SDK\platform\CMSIS\Include\arm_math.h</PathName>
      <PathName>D:\workspace.kds\labo2\SDK\platform\CMSIS\Include\core_cm0plus.h</PathName>
      <PathName>D:\workspace.kds\labo2\SDK\platform\CMSIS\Include\core_cmFunc.h</PathName>
      <PathName>D:\workspace.kds\labo2\SDK\platform\CMSIS\Include\core_cmInstr.h</PathName>
      <PathName>D:\workspace.kds\labo2\SDK\platform\CMSIS\Include\core_cmSimd.h</PathName>
      <PathName>D:\workspace.kds\labo2\SDK\platform\devices\MKL25Z4\include\MKL25Z4.h</PathName>
      <PathName>D:\workspace.kds\labo2\SDK\platform\devices\MKL25Z4\include\MKL25Z4_extension.h</PathName>
      <PathName>D:\workspace.kds\labo2\SDK\platform\devices\MKL25Z4\include\MKL25Z4_features.h</PathName>
      <PathName>D:\workspace.kds\labo2\SDK\platform\devices\MKL25Z4\include\fsl_bitaccess.h</PathName>
      <PathName>D:\workspace.kds\labo2\SDK\platform\devices\fsl_device_registers.h</PathName>
      <PathName>D:\workspace.kds\labo2\SDK\platform\devices\startup.h</PathName>
      <PathName>D:\workspace.kds\labo2\SDK\platform\drivers\inc\fsl_gpio_driver.h</PathName>
      <PathName>D:\workspace.kds\labo2\SDK\platform\hal\inc\fsl_gpio_hal.h</PathName>
      <PathName>D:\workspace.kds\labo2\SDK\platform\hal\inc\fsl_lpsci_hal.h</PathName>
      <PathName>D:\workspace.kds\labo2\SDK\platform\hal\inc\fsl_mcg_hal.h</PathName>
      <PathName>D:\workspace.kds\labo2\SDK\platform\hal\inc\fsl_mcg_hal_modes.h</PathName>
      <PathName>D:\workspace.kds\labo2\SDK\platform\hal\inc\fsl_osc_hal.h</PathName>
      <PathName>D:\workspace.kds\labo2\SDK\platform\hal\inc\fsl_port_hal.h</PathName>
      <PathName>D:\workspace.kds\labo2\SDK\platform\hal\inc\fsl_rtc_hal.h</PathName>
      <PathName>D:\workspace.kds\labo2\SDK\platform\hal\inc\fsl_sim_hal.h</PathName>
      <PathName>D:\workspace.kds\labo2\SDK\platform\hal\inc\fsl_uart_hal.h</PathName>
      <PathName>D:\workspace.kds\labo2\SDK\platform\hal\src\sim\MKL25Z4\fsl_sim_hal_MKL25Z4.h</PathName>
      <PathName>D:\workspace.kds\labo2\SDK\platform\osa\inc\fsl_os_abstraction.h</PathName>
      <PathName>D:\workspace.kds\labo2\SDK\platform\osa\inc\fsl_os_abstraction_free_rtos.h</PathName>
      <PathName>D:\workspace.kds\labo2\SDK\platform\system\inc\fsl_clock_manager.h</PathName>
      <PathName>D:\workspace.kds\labo2\SDK\platform\system\inc\fsl_interrupt_manager.h</PathName>
      <PathName>D:\workspace.kds\labo2\SDK\platform\system\src\clock\MKL25Z4\fsl_clock_MKL25Z4.h</PathName>
      <PathName>D:\workspace.kds\labo2\SDK\platform\utilities\inc\fsl_debug_console.h</PathName>
      <PathName>D:\workspace.kds\labo2\SDK\platform\utilities\inc\fsl_misc_utilities.h</PathName>
      <PathName>D:\workspace.kds\labo2\SDK\platform\utilities\src\print_scan.h</PathName>
      <PathName>D:\workspace.kds\labo2\SDK\rtos\FreeRTOS\include\FreeRTOS.h</PathName>
      <PathName>D:\workspace.kds\labo2\SDK\rtos\FreeRTOS\include\StackMacros.h</PathName>
      <PathName>D:\workspace.kds\labo2\SDK\rtos\FreeRTOS\include\croutine.h</PathName>
      <PathName>D:\workspace.kds\labo2\SDK\rtos\FreeRTOS\include\deprecated_definitions.h</PathName>
      <PathName>D:\workspace.kds\labo2\SDK\rtos\FreeRTOS\include\event_groups.h</PathName>
      <PathName>D:\workspace.kds\labo2\SDK\rtos\FreeRTOS\include\list.h</PathName>
      <PathName>D:\workspace.kds\labo2\SDK\rtos\FreeRTOS\include\mpu_wrappers.h</PathName>
      <PathName>D:\workspace.kds\labo2\SDK\rtos\FreeRTOS\include\portable.h</PathName>
      <PathName>D:\workspace.kds\labo2\SDK\rtos\FreeRTOS\include\projdefs.h</PathName>
      <PathName>D:\workspace.kds\labo2\SDK\rtos\FreeRTOS\include\queue.h</PathName>
      <PathName>D:\workspace.kds\labo2\SDK\rtos\FreeRTOS\include\semphr.h</PathName>
      <PathName>D:\workspace.kds\labo2\SDK\rtos\FreeRTOS\include\task.h</PathName>
      <PathName>D:\workspace.kds\labo2\SDK\rtos\FreeRTOS\include\timers.h</PathName>
      <PathName>D:\workspace.kds\labo2\SDK\rtos\FreeRTOS\port\gcc\portTicks.h</PathName>
      <PathName>D:\workspace.kds\labo2\SDK\rtos\FreeRTOS\port\gcc\portmacro.h</PathName>
      <PathName>D:\workspace.kds\labo2\Sources\Events.h</PathName>
      <PathName>D:\workspace.kds\labo2\Sources\ledrgb_hal.h</PathName>
      <PathName>D:\workspace.kds\labo2\Sources\os_tasks.h</PathName>
      <PathName>D:\workspace.kds\labo2\Sources\rtos_main_task.h</PathName>
    </GeneratedHs>
    <GeneratedASMs>
      <PathName>D:\workspace.kds\labo2\SDK\platform\devices\MKL25Z4\startup\gcc\startup_MKL25Z4.S</PathName>
      <PathName>D:\workspace.kds\labo2\SDK\rtos\FreeRTOS\port\gcc\portasm.S</PathName>
    </GeneratedASMs>
  </FILES>
  <OPTIONS>
    <BuildOptions>
      <CCoptList>
        <Option>-D CPU_MKL25Z128VLK4</Option>
        <Option>-D FSL_RTOS_FREE_RTOS</Option>  
      </CCoptList>
    </BuildOptions>
  </OPTIONS>
</export>
